Ticker,Name,Exchange,ICB_Sector_L1,ICB_Sector_L2,ICB_Sector_L3,ICB_Sector_L4
AAA,An Phát Bioplastics,HOSE,Nguyên vật liệu L1,Hóa chất L2,Hóa chất L3,"Nhựa, cao su & sợi L4"
AAM,Thủy sản Mekong,HOSE,Hàng Tiêu dùng L1,Thực phẩm và đồ uống L2,Sản xuất thực phẩm L3,Nuôi trồng nông & hải sản L4
AAT,Tập đoàn Tiên Sơn Thanh Hóa,HOSE,Hàng Tiêu dùng L1,Hàng cá nhân & Gia dụng L2,Hàng cá nhân L3,Hàng May mặc L4
ABR,Đầu tư Nhãn Hiệu Việt,HOSE,Công nghiệp L1,Hàng & Dịch vụ Công nghiệp L2,Tư vấn & Hỗ trợ Kinh doanh L3,Tư vấn & Hỗ trợ KD L4
ABS,DV Nông nghiệp Bình Thuận,HOSE,Dịch vụ Tiêu dùng L1,Bán lẻ L2,Bán lẻ L3,Phân phối hàng chuyên dụng L4
ABT,Thủy sản Bến Tre,HOSE,Hàng Tiêu dùng L1,Thực phẩm và đồ uống L2,Sản xuất thực phẩm L3,Nuôi trồng nông & hải sản L4
ACB,Ngân hàng Á Châu,HOSE,Ngân hàng L1,Ngân hàng L2,Ngân hàng L3,Ngân hàng L4
ACC,Đầu tư và XD Bình Dương ACC,HOSE,Công nghiệp L1,Xây dựng và Vật liệu L2,Xây dựng và Vật liệu L3,Vật liệu xây dựng & Nội thất L4
ACG,Gỗ An Cường,HOSE,Nguyên vật liệu L1,Tài nguyên Cơ bản L2,Lâm nghiệp và Giấy L3,Lâm sản và Chế biến gỗ L4
ACL,Thủy sản CL An Giang,HOSE,Hàng Tiêu dùng L1,Thực phẩm và đồ uống L2,Sản xuất thực phẩm L3,Nuôi trồng nông & hải sản L4
ADG,Clever Group,HOSE,Dịch vụ Tiêu dùng L1,Truyền thông L2,Truyền thông L3,Dịch vụ truyền thông L4
ADS,Dệt sợi DAMSAN,HOSE,Hàng Tiêu dùng L1,Hàng cá nhân & Gia dụng L2,Hàng cá nhân L3,Hàng May mặc L4
AGG,Bất động sản An Gia,HOSE,Tài chính L1,Bất động sản L2,Bất động sản L3,Bất động sản L4
AGM,XNK An Giang,HOSE,Hàng Tiêu dùng L1,Thực phẩm và đồ uống L2,Sản xuất thực phẩm L3,Thực phẩm L4
AGR,Agriseco,HOSE,Tài chính L1,Dịch vụ tài chính L2,Dịch vụ tài chính L3,Môi giới chứng khoán L4
AMD,FLC Stone,HOSE,Tài chính L1,Bất động sản L2,Bất động sản L3,Bất động sản L4
ANV,Thủy sản Nam Việt,HOSE,Hàng Tiêu dùng L1,Thực phẩm và đồ uống L2,Sản xuất thực phẩm L3,Nuôi trồng nông & hải sản L4
APC,Chiếu xạ An Phú,HOSE,Dược phẩm và Y tế L1,Y tế L2,Dược phẩm L3,Công nghệ sinh học L4
APG,Chứng khoán APG,HOSE,Tài chính L1,Dịch vụ tài chính L2,Dịch vụ tài chính L3,Môi giới chứng khoán L4
APH,Tập đoàn An Phát Holdings,HOSE,Công nghiệp L1,Hàng & Dịch vụ Công nghiệp L2,Hàng công nghiệp L3,Containers & Đóng gói L4
ASG,Tập đoàn ASG,HOSE,Công nghiệp L1,Hàng & Dịch vụ Công nghiệp L2,Vận tải L3,"Kho bãi, hậu cần và bảo dưỡng L4"
ASM,Tập đoàn Sao Mai,HOSE,Hàng Tiêu dùng L1,Thực phẩm và đồ uống L2,Sản xuất thực phẩm L3,Nuôi trồng nông & hải sản L4
ASP,Dầu khí An Pha,HOSE,Tiện ích Cộng đồng L1,"Điện, nước & xăng dầu khí đốt L2",Nước & Khí đốt L3,Phân phối xăng dầu & khí đốt L4
AST,Dịch vụ Hàng không Taseco,HOSE,Dịch vụ Tiêu dùng L1,Bán lẻ L2,Bán lẻ L3,Phân phối hàng chuyên dụng L4
ATP,T.Mại và DV An Thành,HOSE,Hàng Tiêu dùng L1,Thực phẩm và đồ uống L2,Sản xuất thực phẩm L3,Nuôi trồng nông & hải sản L4
BAF,Nông nghiệp BAF Việt Nam,HOSE,Hàng Tiêu dùng L1,Thực phẩm và đồ uống L2,Sản xuất thực phẩm L3,Nuôi trồng nông & hải sản L4
BBC,Bánh kẹo BIBICA,HOSE,Hàng Tiêu dùng L1,Thực phẩm và đồ uống L2,Sản xuất thực phẩm L3,Thực phẩm L4
BCE,XD và GT Bình Dương,HOSE,Công nghiệp L1,Xây dựng và Vật liệu L2,Xây dựng và Vật liệu L3,Xây dựng L4
BCG,Bamboo Capital,HOSE,Tài chính L1,Dịch vụ tài chính L2,Dịch vụ tài chính L3,Tài chính đặc biệt L4
BCM,Becamex IDC,HOSE,Tài chính L1,Bất động sản L2,Bất động sản L3,Bất động sản L4
BFC,Phân bón Bình Điền,HOSE,Nguyên vật liệu L1,Hóa chất L2,Hóa chất L3,"Sản phẩm hóa dầu, Nông dược & Hóa chất khác L4"
BHN,HABECO,HOSE,Hàng Tiêu dùng L1,Thực phẩm và đồ uống L2,Bia và đồ uống L3,Sản xuất bia L4
BIC,Bảo hiểm BIDV,HOSE,Tài chính L1,Bảo hiểm L2,Bảo hiểm phi nhân thọ L3,Bảo hiểm phi nhân thọ L4
BID,BIDV,HOSE,Ngân hàng L1,Ngân hàng L2,Ngân hàng L3,Ngân hàng L4
BKG,Đầu tư BKG Việt Nam,HOSE,Hàng Tiêu dùng L1,Hàng cá nhân & Gia dụng L2,Hàng cá nhân L3,Hàng cá nhân L4
BMC,Khoáng sản Bình Định,HOSE,Nguyên vật liệu L1,Tài nguyên Cơ bản L2,Khai khoáng L3,Khai khoáng L4
BMI,Bảo hiểm Bảo Minh,HOSE,Tài chính L1,Bảo hiểm L2,Bảo hiểm phi nhân thọ L3,Bảo hiểm phi nhân thọ L4
BMP,Nhựa Bình Minh,HOSE,Công nghiệp L1,Xây dựng và Vật liệu L2,Xây dựng và Vật liệu L3,Vật liệu xây dựng & Nội thất L4
BRC,Cao su Bến Thành,HOSE,Nguyên vật liệu L1,Hóa chất L2,Hóa chất L3,"Nhựa, cao su & sợi L4"
BSI,Chứng khoán BIDV,HOSE,Tài chính L1,Dịch vụ tài chính L2,Dịch vụ tài chính L3,Môi giới chứng khoán L4
BTP,Nhiệt điện Bà Rịa,HOSE,Tiện ích Cộng đồng L1,"Điện, nước & xăng dầu khí đốt L2",Sản xuất & Phân phối Điện L3,Sản xuất & Phân phối Điện L4
BTT,TM - DV Bến Thành,HOSE,Dịch vụ Tiêu dùng L1,Bán lẻ L2,Bán lẻ L3,Bán lẻ phức hợp L4
BVH,Tập đoàn Bảo Việt,HOSE,Tài chính L1,Bảo hiểm L2,Bảo hiểm nhân thọ L3,Bảo hiểm nhân thọ L4
BWE,Nước - Môi trường Bình Dương,HOSE,Tiện ích Cộng đồng L1,"Điện, nước & xăng dầu khí đốt L2",Nước & Khí đốt L3,Nước L4
C32,CIC39,HOSE,Công nghiệp L1,Xây dựng và Vật liệu L2,Xây dựng và Vật liệu L3,Vật liệu xây dựng & Nội thất L4
C47,Xây dựng 47,HOSE,Công nghiệp L1,Xây dựng và Vật liệu L2,Xây dựng và Vật liệu L3,Xây dựng L4
CAV,Dây cáp điện Việt Nam,HOSE,Công nghiệp L1,Hàng & Dịch vụ Công nghiệp L2,Điện tử & Thiết bị điện L3,Hàng điện & điện tử L4
CCI,CIDICO,HOSE,Tiện ích Cộng đồng L1,"Điện, nước & xăng dầu khí đốt L2",Nước & Khí đốt L3,Phân phối xăng dầu & khí đốt L4
CCL,Đầu tư và Phát triển Đô thị Dầu khí Cửu Long,HOSE,Tài chính L1,Bất động sản L2,Bất động sản L3,Bất động sản L4
CDC,Chương Dương Corp,HOSE,Công nghiệp L1,Xây dựng và Vật liệu L2,Xây dựng và Vật liệu L3,Xây dựng L4
CHP,Thủy điện Miền Trung,HOSE,Tiện ích Cộng đồng L1,"Điện, nước & xăng dầu khí đốt L2",Sản xuất & Phân phối Điện L3,Sản xuất & Phân phối Điện L4
CIG,Xây dựng COMA 18,HOSE,Công nghiệp L1,Xây dựng và Vật liệu L2,Xây dựng và Vật liệu L3,Xây dựng L4
CII,Hạ tầng Kỹ thuật TP.HCM,HOSE,Công nghiệp L1,Xây dựng và Vật liệu L2,Xây dựng và Vật liệu L3,Xây dựng L4
CKG,Xây dựng Kiên Giang,HOSE,Tài chính L1,Bất động sản L2,Bất động sản L3,"Tư Vấn, Định giá, Môi giới Bất động sản L4"
CLC,Thuốc lá Cát Lợi,HOSE,Hàng Tiêu dùng L1,Hàng cá nhân & Gia dụng L2,Thuốc lá L3,Thuốc lá L4
CLL,Cảng Cát Lái,HOSE,Công nghiệp L1,Hàng & Dịch vụ Công nghiệp L2,Vận tải L3,"Kho bãi, hậu cần và bảo dưỡng L4"
CLW,Cấp nước Chợ Lớn,HOSE,Tiện ích Cộng đồng L1,"Điện, nước & xăng dầu khí đốt L2",Nước & Khí đốt L3,Nước L4
CMG,Tập đoàn Công nghệ CMC,HOSE,Công nghệ Thông tin L1,Công nghệ Thông tin L2,Phần mềm & Dịch vụ Máy tính L3,Dịch vụ Máy tính L4
CMV,Thương nghiệp Cà Mau,HOSE,Dịch vụ Tiêu dùng L1,Bán lẻ L2,Bán lẻ L3,Bán lẻ phức hợp L4
CMX,CAMIMEX Group,HOSE,Hàng Tiêu dùng L1,Thực phẩm và đồ uống L2,Sản xuất thực phẩm L3,Nuôi trồng nông & hải sản L4
CNG,CNG Việt Nam,HOSE,Tiện ích Cộng đồng L1,"Điện, nước & xăng dầu khí đốt L2",Nước & Khí đốt L3,Phân phối xăng dầu & khí đốt L4
COM,Vật tư Xăng dầu,HOSE,Dịch vụ Tiêu dùng L1,Bán lẻ L2,Bán lẻ L3,Phân phối hàng chuyên dụng L4
CRC,Create Capital Việt Nam,HOSE,Công nghiệp L1,Xây dựng và Vật liệu L2,Xây dựng và Vật liệu L3,Vật liệu xây dựng & Nội thất L4
CRE,Bất động sản Thế Kỷ,HOSE,Tài chính L1,Bất động sản L2,Bất động sản L3,Bất động sản L4
CRV,Tập đoàn Bất động sản CRV,HOSE,Tài chính L1,Bất động sản L2,Bất động sản L3,"Tư Vấn, Định giá, Môi giới Bất động sản L4"
CSM,Cao su Miền Nam,HOSE,Hàng Tiêu dùng L1,Ô tô và phụ tùng L2,Ô tô và phụ tùng L3,Lốp xe L4
CSV,Hóa chất Cơ bản miền Nam,HOSE,Nguyên vật liệu L1,Hóa chất L2,Hóa chất L3,"Sản phẩm hóa dầu, Nông dược & Hóa chất khác L4"
CTD,Xây dựng Coteccons,HOSE,Công nghiệp L1,Xây dựng và Vật liệu L2,Xây dựng và Vật liệu L3,Xây dựng L4
CTF,City Auto,HOSE,Hàng Tiêu dùng L1,Ô tô và phụ tùng L2,Ô tô và phụ tùng L3,Sản xuất ô tô L4
CTG,VietinBank,HOSE,Ngân hàng L1,Ngân hàng L2,Ngân hàng L3,Ngân hàng L4
CTI,Cường Thuận IDICO,HOSE,Công nghiệp L1,Xây dựng và Vật liệu L2,Xây dựng và Vật liệu L3,Xây dựng L4
CTR,Công trình Viettel,HOSE,Công nghiệp L1,Xây dựng và Vật liệu L2,Xây dựng và Vật liệu L3,Xây dựng L4
CTS,Chứng khoán Vietinbank,HOSE,Tài chính L1,Dịch vụ tài chính L2,Dịch vụ tài chính L3,Môi giới chứng khoán L4
CVT,CMC JSC,HOSE,Công nghiệp L1,Xây dựng và Vật liệu L2,Xây dựng và Vật liệu L3,Vật liệu xây dựng & Nội thất L4
D2D,Phát triển Đô thị số 2,HOSE,Tài chính L1,Bất động sản L2,Bất động sản L3,Bất động sản L4
DAG,TĐ Nhựa Đông Á,HOSE,Nguyên vật liệu L1,Hóa chất L2,Hóa chất L3,"Nhựa, cao su & sợi L4"
DAH,Tập đoàn Khách sạn Đông Á,HOSE,Dịch vụ Tiêu dùng L1,Du lịch và Giải trí L2,Du lịch & Giải trí L3,Khách sạn L4
DAT,ĐT Du lịch và PT Thủy sản,HOSE,Hàng Tiêu dùng L1,Thực phẩm và đồ uống L2,Sản xuất thực phẩm L3,Nuôi trồng nông & hải sản L4
DBC,Tập đoàn DABACO,HOSE,Hàng Tiêu dùng L1,Thực phẩm và đồ uống L2,Sản xuất thực phẩm L3,Nuôi trồng nông & hải sản L4
DBD,Dược - TB Y tế Bình Định,HOSE,Dược phẩm và Y tế L1,Y tế L2,Dược phẩm L3,Dược phẩm L4
DBT,Dược phẩm Bến Tre,HOSE,Dược phẩm và Y tế L1,Y tế L2,Dược phẩm L3,Dược phẩm L4
DC4,Xây dựng DIC Holdings,HOSE,Công nghiệp L1,Xây dựng và Vật liệu L2,Xây dựng và Vật liệu L3,Xây dựng L4
DCL,Dược phẩm Cửu Long,HOSE,Dược phẩm và Y tế L1,Y tế L2,Dược phẩm L3,Dược phẩm L4
DCM,Đạm Cà Mau,HOSE,Nguyên vật liệu L1,Hóa chất L2,Hóa chất L3,"Sản phẩm hóa dầu, Nông dược & Hóa chất khác L4"
DGC,Hóa chất Đức Giang,HOSE,Nguyên vật liệu L1,Hóa chất L2,Hóa chất L3,"Sản phẩm hóa dầu, Nông dược & Hóa chất khác L4"
DGW,Thế Giới Số,HOSE,Dịch vụ Tiêu dùng L1,Bán lẻ L2,Bán lẻ L3,Phân phối hàng chuyên dụng L4
DHA,Hóa An,HOSE,Công nghiệp L1,Xây dựng và Vật liệu L2,Xây dựng và Vật liệu L3,Vật liệu xây dựng & Nội thất L4
DHC,Đông Hải Bến Tre,HOSE,Nguyên vật liệu L1,Tài nguyên Cơ bản L2,Lâm nghiệp và Giấy L3,Sản xuất giấy L4
DHG,Dược Hậu Giang,HOSE,Dược phẩm và Y tế L1,Y tế L2,Dược phẩm L3,Dược phẩm L4
DHM,Khoáng sản Dương Hiếu,HOSE,Nguyên vật liệu L1,Tài nguyên Cơ bản L2,Khai khoáng L3,Khai khoáng L4
DIG,DIC Corp,HOSE,Tài chính L1,Bất động sản L2,Bất động sản L3,Bất động sản L4
DLG,Đức Long Gia Lai,HOSE,Nguyên vật liệu L1,Tài nguyên Cơ bản L2,Lâm nghiệp và Giấy L3,Lâm sản và Chế biến gỗ L4
DMC,Dược phẩm DOMESCO,HOSE,Dược phẩm và Y tế L1,Y tế L2,Dược phẩm L3,Dược phẩm L4
DPG,Tập đoàn Đạt Phương,HOSE,Công nghiệp L1,Xây dựng và Vật liệu L2,Xây dựng và Vật liệu L3,Xây dựng L4
DPM,Đạm Phú Mỹ,HOSE,Nguyên vật liệu L1,Hóa chất L2,Hóa chất L3,"Sản phẩm hóa dầu, Nông dược & Hóa chất khác L4"
DPR,Cao su Đồng Phú,HOSE,Nguyên vật liệu L1,Hóa chất L2,Hóa chất L3,"Nhựa, cao su & sợi L4"
DQC,Bóng đèn Điện Quang,HOSE,Hàng Tiêu dùng L1,Hàng cá nhân & Gia dụng L2,Hàng gia dụng L3,Thiết bị gia dụng L4
DRC,Cao su Đà Nẵng,HOSE,Hàng Tiêu dùng L1,Ô tô và phụ tùng L2,Ô tô và phụ tùng L3,Lốp xe L4
DRH,DRH Holdings,HOSE,Tài chính L1,Bất động sản L2,Bất động sản L3,Bất động sản L4
DRL,Thủy điện - Điện lực 3,HOSE,Tiện ích Cộng đồng L1,"Điện, nước & xăng dầu khí đốt L2",Sản xuất & Phân phối Điện L3,Sản xuất & Phân phối Điện L4
DSN,Công viên nước Đầm Sen,HOSE,Dịch vụ Tiêu dùng L1,Du lịch và Giải trí L2,Du lịch & Giải trí L3,Dịch vụ giải trí L4
DTA,BĐS Đệ Tam,HOSE,Tài chính L1,Bất động sản L2,Bất động sản L3,Bất động sản L4
DTL,Đại Thiên Lộc,HOSE,Nguyên vật liệu L1,Tài nguyên Cơ bản L2,Kim loại L3,Thép và sản phẩm thép L4
DTT,Kỹ nghệ Đô Thành,HOSE,Nguyên vật liệu L1,Hóa chất L2,Hóa chất L3,"Nhựa, cao su & sợi L4"
DVP,ĐT và PT Cảng Đình Vũ,HOSE,Công nghiệp L1,Hàng & Dịch vụ Công nghiệp L2,Vận tải L3,"Kho bãi, hậu cần và bảo dưỡng L4"
DXG,Địa ốc Đất Xanh,HOSE,Tài chính L1,Bất động sản L2,Bất động sản L3,Bất động sản L4
DXS,Dịch vụ BĐS Đất Xanh,HOSE,Tài chính L1,Bất động sản L2,Bất động sản L3,"Tư Vấn, Định giá, Môi giới Bất động sản L4"
DXV,Vật liệu Xây dựng Đà Nẵng,HOSE,Công nghiệp L1,Xây dựng và Vật liệu L2,Xây dựng và Vật liệu L3,Vật liệu xây dựng & Nội thất L4
E1VFVN30,Quỹ ETF DCVFMVN30,HOSE,Tài chính L1,Dịch vụ tài chính L2,Quỹ đầu tư L3,Quỹ đầu tư L4
EIB,Eximbank,HOSE,Ngân hàng L1,Ngân hàng L2,Ngân hàng L3,Ngân hàng L4
ELC,ELCOM,HOSE,Công nghệ Thông tin L1,Công nghệ Thông tin L2,Thiết bị và Phần cứng L3,Thiết bị viễn thông L4
EMC,Cơ điện Thủ Đức,HOSE,Công nghiệp L1,Hàng & Dịch vụ Công nghiệp L2,Điện tử & Thiết bị điện L3,Thiết bị điện L4
EVE,Everpia,HOSE,Hàng Tiêu dùng L1,Hàng cá nhân & Gia dụng L2,Hàng cá nhân L3,Hàng May mặc L4
EVF,Tài chính Điện lực,HOSE,Tài chính L1,Dịch vụ tài chính L2,Dịch vụ tài chính L3,Tài chính cá nhân L4
EVG,Tập đoàn Everland,HOSE,Công nghiệp L1,Xây dựng và Vật liệu L2,Xây dựng và Vật liệu L3,Xây dựng L4
FCM,Khoáng sản FECON,HOSE,Công nghiệp L1,Xây dựng và Vật liệu L2,Xây dựng và Vật liệu L3,Vật liệu xây dựng & Nội thất L4
FCN,FECON CORP,HOSE,Công nghiệp L1,Xây dựng và Vật liệu L2,Xây dựng và Vật liệu L3,Xây dựng L4
FDC,FIDECO,HOSE,Tài chính L1,Bất động sản L2,Bất động sản L3,Bất động sản L4
FIR,Địa ốc First Real,HOSE,Tài chính L1,Bất động sản L2,Bất động sản L3,Bất động sản L4
FIT,Tập đoàn F.I.T,HOSE,Tài chính L1,Dịch vụ tài chính L2,Dịch vụ tài chính L3,Tài chính đặc biệt L4
FLC,Tập đoàn FLC,HOSE,Tài chính L1,Bất động sản L2,Bất động sản L3,Bất động sản L4
FMC,Thực phẩm Sao Ta,HOSE,Hàng Tiêu dùng L1,Thực phẩm và đồ uống L2,Sản xuất thực phẩm L3,Nuôi trồng nông & hải sản L4
FPT,FPT Corp,HOSE,Công nghệ Thông tin L1,Công nghệ Thông tin L2,Phần mềm & Dịch vụ Máy tính L3,Phần mềm L4
FRT,Bán lẻ FPT,HOSE,Dịch vụ Tiêu dùng L1,Bán lẻ L2,Bán lẻ L3,Phân phối hàng chuyên dụng L4
FTS,Chứng khoán FPT,HOSE,Tài chính L1,Dịch vụ tài chính L2,Dịch vụ tài chính L3,Môi giới chứng khoán L4
FUCTVGF3,Quỹ Đầu tư Tăng trưởng Thiên Việt 3,HOSE,Tài chính L1,Dịch vụ tài chính L2,Quỹ đầu tư L3,Quỹ đầu tư L4
FUCTVGF4,Quỹ Đầu tư Tăng trưởng Thiên Việt 4,HOSE,Tài chính L1,Dịch vụ tài chính L2,Quỹ đầu tư L3,Quỹ đầu tư L4
FUCVREIT,Quỹ đầu tư BĐS Techcom Việt Nam,HOSE,Tài chính L1,Dịch vụ tài chính L2,Quỹ đầu tư L3,Quỹ đầu tư L4
FUEDCMID,Quỹ ETF DCVFMVNMIDCAP,HOSE,Tài chính L1,Dịch vụ tài chính L2,Quỹ đầu tư L3,Quỹ đầu tư L4
FUEIP100,ETF IPAAM VN100,HOSE,Tài chính L1,Dịch vụ tài chính L2,Quỹ đầu tư L3,Quỹ đầu tư L4
FUEKIV30,KIM GROWTH VN30 ETF,HOSE,Tài chính L1,Dịch vụ tài chính L2,Quỹ đầu tư L3,Quỹ đầu tư L4
FUEKIVFS,KIM GROWTH VNFINSELECT ETF,HOSE,Tài chính L1,Dịch vụ tài chính L2,Quỹ đầu tư L3,Quỹ đầu tư L4
FUEMAV30,Quỹ ETF MAFM VN30,HOSE,Tài chính L1,Dịch vụ tài chính L2,Quỹ đầu tư L3,Quỹ đầu tư L4
FUESSV30,Quỹ ETF SSIAM VN30,HOSE,Tài chính L1,Dịch vụ tài chính L2,Quỹ đầu tư L3,Quỹ đầu tư L4
FUESSV50,Quỹ ETF SSIAM VNX50,HOSE,Tài chính L1,Dịch vụ tài chính L2,Quỹ đầu tư L3,Quỹ đầu tư L4
FUESSVFL,Quỹ ETF SSIAM VNFIN LEAD,HOSE,Tài chính L1,Dịch vụ tài chính L2,Quỹ đầu tư L3,Quỹ đầu tư L4
FUEVFVND,Quỹ ETF DCVFMVN DIAMOND,HOSE,Tài chính L1,Dịch vụ tài chính L2,Quỹ đầu tư L3,Quỹ đầu tư L4
FUEVN100,Quỹ ETF VINACAPITAL VN100,HOSE,Tài chính L1,Dịch vụ tài chính L2,Quỹ đầu tư L3,Quỹ đầu tư L4
GAB,Đầu tư Khai khoáng và Quản lý Tài sản FLC,HOSE,Công nghiệp L1,Xây dựng và Vật liệu L2,Xây dựng và Vật liệu L3,Vật liệu xây dựng & Nội thất L4
GAS,PV Gas,HOSE,Tiện ích Cộng đồng L1,"Điện, nước & xăng dầu khí đốt L2",Nước & Khí đốt L3,Phân phối xăng dầu & khí đốt L4
GDA,Tôn Đông Á,HOSE,Nguyên vật liệu L1,Tài nguyên Cơ bản L2,Kim loại L3,Thép và sản phẩm thép L4
GDT,Gỗ Đức Thành,HOSE,Hàng Tiêu dùng L1,Hàng cá nhân & Gia dụng L2,Hàng gia dụng L3,Thiết bị gia dụng L4
GEG,Điện Gia Lai,HOSE,Tiện ích Cộng đồng L1,"Điện, nước & xăng dầu khí đốt L2",Sản xuất & Phân phối Điện L3,Sản xuất & Phân phối Điện L4
GEX,Tập đoàn Gelex,HOSE,Công nghiệp L1,Hàng & Dịch vụ Công nghiệp L2,Điện tử & Thiết bị điện L3,Thiết bị điện L4
GIL,XNK Bình Thạnh,HOSE,Hàng Tiêu dùng L1,Hàng cá nhân & Gia dụng L2,Hàng cá nhân L3,Hàng May mặc L4
GMC,Garmex Sài Gòn,HOSE,Hàng Tiêu dùng L1,Hàng cá nhân & Gia dụng L2,Hàng cá nhân L3,Hàng May mặc L4
GMD,Gemadept,HOSE,Công nghiệp L1,Hàng & Dịch vụ Công nghiệp L2,Vận tải L3,"Kho bãi, hậu cần và bảo dưỡng L4"
GMH,Minh Hưng Quảng Trị,HOSE,Công nghiệp L1,Xây dựng và Vật liệu L2,Xây dựng và Vật liệu L3,Vật liệu xây dựng & Nội thất L4
GSP,Gas Shipping,HOSE,Công nghiệp L1,Hàng & Dịch vụ Công nghiệp L2,Vận tải L3,Vận tải Thủy L4
GTA,Gỗ Thuận An,HOSE,Nguyên vật liệu L1,Tài nguyên Cơ bản L2,Lâm nghiệp và Giấy L3,Lâm sản và Chế biến gỗ L4
GVR,Tập đoàn CN Cao su VN,HOSE,Nguyên vật liệu L1,Hóa chất L2,Hóa chất L3,"Nhựa, cao su & sợi L4"
HAG,Hoàng Anh Gia Lai,HOSE,Hàng Tiêu dùng L1,Thực phẩm và đồ uống L2,Sản xuất thực phẩm L3,Nuôi trồng nông & hải sản L4
HAH,Vận tải và Xếp dỡ Hải An,HOSE,Công nghiệp L1,Hàng & Dịch vụ Công nghiệp L2,Vận tải L3,"Kho bãi, hậu cần và bảo dưỡng L4"
HAI,Nông Dược HAI,HOSE,Nguyên vật liệu L1,Hóa chất L2,Hóa chất L3,"Sản phẩm hóa dầu, Nông dược & Hóa chất khác L4"
HAP,Tập đoàn Hapaco,HOSE,Nguyên vật liệu L1,Tài nguyên Cơ bản L2,Lâm nghiệp và Giấy L3,Sản xuất giấy L4
HAR,BĐS An Dương Thảo Điền,HOSE,Tài chính L1,Bất động sản L2,Bất động sản L3,Bất động sản L4
HAS,Hacisco,HOSE,Công nghiệp L1,Xây dựng và Vật liệu L2,Xây dựng và Vật liệu L3,Xây dựng L4
HAX,Ô tô Hàng Xanh,HOSE,Hàng Tiêu dùng L1,Ô tô và phụ tùng L2,Ô tô và phụ tùng L3,Sản xuất ô tô L4
HBC,Tập đoàn Xây dựng Hòa Bình,HOSE,Công nghiệp L1,Xây dựng và Vật liệu L2,Xây dựng và Vật liệu L3,Xây dựng L4
HCD,SX và Thương mại HCD,HOSE,Nguyên vật liệu L1,Hóa chất L2,Hóa chất L3,"Nhựa, cao su & sợi L4"
HCM,Chứng khoán TP.HCM,HOSE,Tài chính L1,Dịch vụ tài chính L2,Dịch vụ tài chính L3,Môi giới chứng khoán L4
HDB,HDBank,HOSE,Ngân hàng L1,Ngân hàng L2,Ngân hàng L3,Ngân hàng L4
HDC,Phát triển Nhà BR-VT,HOSE,Tài chính L1,Bất động sản L2,Bất động sản L3,Bất động sản L4
HDG,Tập đoàn Hà Đô,HOSE,Tài chính L1,Bất động sản L2,Bất động sản L3,Bất động sản L4
HHP,Giấy Hoàng Hà Hải Phòng,HOSE,Nguyên vật liệu L1,Tài nguyên Cơ bản L2,Lâm nghiệp và Giấy L3,Sản xuất giấy L4
HHS,Đầu tư DV Hoàng Huy,HOSE,Hàng Tiêu dùng L1,Ô tô và phụ tùng L2,Ô tô và phụ tùng L3,Sản xuất ô tô L4
HHV,Đầu tư Hạ tầng Giao thông Đèo Cả,HOSE,Công nghiệp L1,Xây dựng và Vật liệu L2,Xây dựng và Vật liệu L3,Xây dựng L4
HID,Halcom Vietnam,HOSE,Công nghiệp L1,Xây dựng và Vật liệu L2,Xây dựng và Vật liệu L3,Xây dựng L4
HII,An Tiến Industries,HOSE,Nguyên vật liệu L1,Hóa chất L2,Hóa chất L3,"Nhựa, cao su & sợi L4"
HMC,Kim khí TP.HCM,HOSE,Nguyên vật liệu L1,Tài nguyên Cơ bản L2,Kim loại L3,Thép và sản phẩm thép L4
HNG,Nông nghiệp Quốc tế HAGL,HOSE,Hàng Tiêu dùng L1,Thực phẩm và đồ uống L2,Sản xuất thực phẩm L3,Nuôi trồng nông & hải sản L4
HOT,Du lịch - DV Hội An,HOSE,Dịch vụ Tiêu dùng L1,Du lịch và Giải trí L2,Du lịch & Giải trí L3,Vận tải hành khách & Du lịch L4
HPG,Hòa Phát,HOSE,Nguyên vật liệu L1,Tài nguyên Cơ bản L2,Kim loại L3,Thép và sản phẩm thép L4
HPX,Đầu tư Hải Phát,HOSE,Tài chính L1,Bất động sản L2,Bất động sản L3,Bất động sản L4
HQC,Địa ốc Hoàng Quân,HOSE,Tài chính L1,Bất động sản L2,Bất động sản L3,Bất động sản L4
HRC,Cao su Hòa Bình,HOSE,Nguyên vật liệu L1,Hóa chất L2,Hóa chất L3,"Nhựa, cao su & sợi L4"
HSG,Tập đoàn Hoa Sen,HOSE,Nguyên vật liệu L1,Tài nguyên Cơ bản L2,Kim loại L3,Thép và sản phẩm thép L4
HSL,Thực phẩm Hồng Hà,HOSE,Hàng Tiêu dùng L1,Thực phẩm và đồ uống L2,Sản xuất thực phẩm L3,Thực phẩm L4
HT1,VICEM Hà Tiên,HOSE,Công nghiệp L1,Xây dựng và Vật liệu L2,Xây dựng và Vật liệu L3,Vật liệu xây dựng & Nội thất L4
HTI,PT Hạ tầng IDICO,HOSE,Công nghiệp L1,Xây dựng và Vật liệu L2,Xây dựng và Vật liệu L3,Xây dựng L4
HTL,Ô tô Trường Long,HOSE,Hàng Tiêu dùng L1,Ô tô và phụ tùng L2,Ô tô và phụ tùng L3,Sản xuất ô tô L4
HTN,Hưng Thịnh Incons,HOSE,Tài chính L1,Bất động sản L2,Bất động sản L3,Bất động sản L4
HTV,Logistics Vicem,HOSE,Công nghiệp L1,Hàng & Dịch vụ Công nghiệp L2,Vận tải L3,Vận tải Thủy L4
HU1,Xây dựng HUD1,HOSE,Công nghiệp L1,Xây dựng và Vật liệu L2,Xây dựng và Vật liệu L3,Xây dựng L4
HU3,Xây dựng HUD3,HOSE,Công nghiệp L1,Xây dựng và Vật liệu L2,Xây dựng và Vật liệu L3,Xây dựng L4
HUB,Xây lắp Huế,HOSE,Công nghiệp L1,Xây dựng và Vật liệu L2,Xây dựng và Vật liệu L3,Xây dựng L4
HVH,Đầu tư và Công nghệ HVC,HOSE,Công nghiệp L1,Xây dựng và Vật liệu L2,Xây dựng và Vật liệu L3,Xây dựng L4
HVN,Vietnam Airlines,HOSE,Dịch vụ Tiêu dùng L1,Du lịch và Giải trí L2,Du lịch & Giải trí L3,Dịch vụ hàng không L4
HVX,Xi măng Vicem Hải Vân,HOSE,Công nghiệp L1,Xây dựng và Vật liệu L2,Xây dựng và Vật liệu L3,Vật liệu xây dựng & Nội thất L4
IBC,Đầu tư APAX Holdings,HOSE,Tài chính L1,Dịch vụ tài chính L2,Dịch vụ tài chính L3,Tài chính đặc biệt L4
ICT,Viễn thông - Tin học Bưu điện,HOSE,Công nghệ Thông tin L1,Công nghệ Thông tin L2,Phần mềm & Dịch vụ Máy tính L3,Phần mềm L4
IDI,Đầu tư và PT Đa Quốc Gia,HOSE,Hàng Tiêu dùng L1,Thực phẩm và đồ uống L2,Sản xuất thực phẩm L3,Nuôi trồng nông & hải sản L4
IJC,Becamex IJC,HOSE,Tài chính L1,Bất động sản L2,Bất động sản L3,Bất động sản L4
ILB,ICD Tân Cảng Long Bình,HOSE,Công nghiệp L1,Hàng & Dịch vụ Công nghiệp L2,Vận tải L3,"Kho bãi, hậu cần và bảo dưỡng L4"
IMP,IMEXPHARM,HOSE,Dược phẩm và Y tế L1,Y tế L2,Dược phẩm L3,Dược phẩm L4
ITA,Đầu tư CN Tân Tạo,HOSE,Tài chính L1,Bất động sản L2,Bất động sản L3,Bất động sản L4
ITC,Đầu tư kinh doanh Nhà,HOSE,Tài chính L1,Bất động sản L2,Bất động sản L3,Bất động sản L4
ITD,Công nghệ Tiên Phong,HOSE,Công nghệ Thông tin L1,Công nghệ Thông tin L2,Thiết bị và Phần cứng L3,Phần cứng L4
JVC,Đầu tư và Phát triển Y tế Việt Nhật,HOSE,Dược phẩm và Y tế L1,Y tế L2,Thiết bị và Dịch vụ Y tế L3,Thiết bị y tế L4
KBC,TCT Đô thị Kinh Bắc,HOSE,Tài chính L1,Bất động sản L2,Bất động sản L3,Bất động sản L4
KDC,Tập đoàn KIDO,HOSE,Hàng Tiêu dùng L1,Thực phẩm và đồ uống L2,Sản xuất thực phẩm L3,Thực phẩm L4
KDH,Nhà Khang Điền,HOSE,Tài chính L1,Bất động sản L2,Bất động sản L3,Bất động sản L4
KHG,Tập đoàn Khải Hoàn Land,HOSE,Tài chính L1,Bất động sản L2,Bất động sản L3,Bất động sản L4
KHP,Điện lực Khánh Hòa,HOSE,Tiện ích Cộng đồng L1,"Điện, nước & xăng dầu khí đốt L2",Sản xuất & Phân phối Điện L3,Sản xuất & Phân phối Điện L4
KMR,MIRAE,HOSE,Hàng Tiêu dùng L1,Hàng cá nhân & Gia dụng L2,Hàng cá nhân L3,Hàng May mặc L4
KOS,Công ty KOSY,HOSE,Tài chính L1,Bất động sản L2,Bất động sản L3,Bất động sản L4
KPF,Đầu tư Tài sản KOJI,HOSE,Công nghiệp L1,Xây dựng và Vật liệu L2,Xây dựng và Vật liệu L3,Vật liệu xây dựng & Nội thất L4
KSB,Khoáng sản Bình Dương,HOSE,Nguyên vật liệu L1,Tài nguyên Cơ bản L2,Khai khoáng L3,Khai khoáng L4
L10,LILAMA 10,HOSE,Công nghiệp L1,Hàng & Dịch vụ Công nghiệp L2,Công nghiệp nặng L3,Máy công nghiệp L4
LAF,Chế biến Hàng XK Long An,HOSE,Hàng Tiêu dùng L1,Thực phẩm và đồ uống L2,Sản xuất thực phẩm L3,Thực phẩm L4
LBM,Khoáng sản Lâm Đồng,HOSE,Công nghiệp L1,Xây dựng và Vật liệu L2,Xây dựng và Vật liệu L3,Vật liệu xây dựng & Nội thất L4
LCG,LIZEN,HOSE,Công nghiệp L1,Xây dựng và Vật liệu L2,Xây dựng và Vật liệu L3,Xây dựng L4
LDG,Đầu tư LDG,HOSE,Tài chính L1,Bất động sản L2,Bất động sản L3,"Tư Vấn, Định giá, Môi giới Bất động sản L4"
LEC,BĐS Điện lực Miền Trung,HOSE,Tài chính L1,Bất động sản L2,Bất động sản L3,Bất động sản L4
LGC,Đầu tư Cầu đường CII,HOSE,Công nghiệp L1,Xây dựng và Vật liệu L2,Xây dựng và Vật liệu L3,Xây dựng L4
LGL,Long Giang Land,HOSE,Tài chính L1,Bất động sản L2,Bất động sản L3,Bất động sản L4
LHG,KCN Long Hậu,HOSE,Tài chính L1,Bất động sản L2,Bất động sản L3,Bất động sản L4
LIX,Bột giặt LIX,HOSE,Hàng Tiêu dùng L1,Hàng cá nhân & Gia dụng L2,Hàng cá nhân L3,Hàng cá nhân L4
LM8,LILAMA 18,HOSE,Công nghiệp L1,Xây dựng và Vật liệu L2,Xây dựng và Vật liệu L3,Xây dựng L4
LPB,LienViet Post Bank,HOSE,Ngân hàng L1,Ngân hàng L2,Ngân hàng L3,Ngân hàng L4
LSS,Mía đường Lam Sơn,HOSE,Hàng Tiêu dùng L1,Thực phẩm và đồ uống L2,Sản xuất thực phẩm L3,Thực phẩm L4
MBB,MBBank,HOSE,Ngân hàng L1,Ngân hàng L2,Ngân hàng L3,Ngân hàng L4
MCG,Năng lượng và Bất động sản MCG,HOSE,Công nghiệp L1,Xây dựng và Vật liệu L2,Xây dựng và Vật liệu L3,Xây dựng L4
MCP,In và Bao bì Mỹ Châu,HOSE,Công nghiệp L1,Hàng & Dịch vụ Công nghiệp L2,Hàng công nghiệp L3,Containers & Đóng gói L4
MDG,Xây dựng Miền Đông,HOSE,Công nghiệp L1,Xây dựng và Vật liệu L2,Xây dựng và Vật liệu L3,Vật liệu xây dựng & Nội thất L4
MHC,CTCP MHC,HOSE,Công nghiệp L1,Hàng & Dịch vụ Công nghiệp L2,Vận tải L3,Dịch vụ vận tải L4
MIG,Bảo hiểm Quân đội,HOSE,Tài chính L1,Bảo hiểm L2,Bảo hiểm phi nhân thọ L3,Bảo hiểm phi nhân thọ L4
MSB,MSB Bank,HOSE,Ngân hàng L1,Ngân hàng L2,Ngân hàng L3,Ngân hàng L4
MSH,May Sông Hồng,HOSE,Hàng Tiêu dùng L1,Hàng cá nhân & Gia dụng L2,Hàng cá nhân L3,Hàng May mặc L4
MSN,Tập đoàn Masan,HOSE,Hàng Tiêu dùng L1,Thực phẩm và đồ uống L2,Sản xuất thực phẩm L3,Thực phẩm L4
MWG,Thế giới di động,HOSE,Dịch vụ Tiêu dùng L1,Bán lẻ L2,Bán lẻ L3,Phân phối hàng chuyên dụng L4
NAF,Nafoods Group,HOSE,Hàng Tiêu dùng L1,Thực phẩm và đồ uống L2,Bia và đồ uống L3,Đồ uống & giải khát L4
NAV,Tấm lợp và gỗ Nam Việt,HOSE,Công nghiệp L1,Xây dựng và Vật liệu L2,Xây dựng và Vật liệu L3,Vật liệu xây dựng & Nội thất L4
NBB,577 CORP,HOSE,Tài chính L1,Bất động sản L2,Bất động sản L3,Bất động sản L4
NCG,Nova Consumer,HOSE,Hàng Tiêu dùng L1,Thực phẩm và đồ uống L2,Sản xuất thực phẩm L3,Nuôi trồng nông & hải sản L4
NCT,DV Hàng hóa Nội Bài,HOSE,Công nghiệp L1,Hàng & Dịch vụ Công nghiệp L2,Vận tải L3,"Kho bãi, hậu cần và bảo dưỡng L4"
NHA,PT Nhà và Đô thị Nam HN,HOSE,Công nghiệp L1,Xây dựng và Vật liệu L2,Xây dựng và Vật liệu L3,Xây dựng L4
NHH,Nhựa Hà Nội,HOSE,Nguyên vật liệu L1,Hóa chất L2,Hóa chất L3,"Nhựa, cao su & sợi L4"
NHT,Sản xuất và Thương mại Nam Hoa,HOSE,Hàng Tiêu dùng L1,Hàng cá nhân & Gia dụng L2,Hàng hóa giải trí L3,Đồ chơi L4
NKG,Thép Nam Kim,HOSE,Nguyên vật liệu L1,Tài nguyên Cơ bản L2,Kim loại L3,Thép và sản phẩm thép L4
NLG,BĐS Nam Long,HOSE,Tài chính L1,Bất động sản L2,Bất động sản L3,Bất động sản L4
NNC,Đá Núi Nhỏ,HOSE,Công nghiệp L1,Xây dựng và Vật liệu L2,Xây dựng và Vật liệu L3,Vật liệu xây dựng & Nội thất L4
NO1,Tâp đoàn 911,HOSE,Công nghiệp L1,Hàng & Dịch vụ Công nghiệp L2,Công nghiệp nặng L3,Máy công nghiệp L4
NSC,Tập đoàn Giống cây trồng Việt Nam,HOSE,Hàng Tiêu dùng L1,Thực phẩm và đồ uống L2,Sản xuất thực phẩm L3,Nuôi trồng nông & hải sản L4
NT2,Điện lực Nhơn Trạch 2,HOSE,Tiện ích Cộng đồng L1,"Điện, nước & xăng dầu khí đốt L2",Sản xuất & Phân phối Điện L3,Sản xuất & Phân phối Điện L4
NTL,Đô thị Từ Liêm,HOSE,Tài chính L1,Bất động sản L2,Bất động sản L3,Bất động sản L4
NVL,Đầu tư Địa ốc No Va (Novaland),HOSE,Tài chính L1,Bất động sản L2,Bất động sản L3,Bất động sản L4
NVT,Ninh Vân Bay,HOSE,Tài chính L1,Bất động sản L2,Bất động sản L3,Bất động sản L4
OCB,Ngân hàng Phương Đông,HOSE,Ngân hàng L1,Ngân hàng L2,Ngân hàng L3,Ngân hàng L4
OGC,Tập đoàn Đại Dương,HOSE,Tài chính L1,Dịch vụ tài chính L2,Dịch vụ tài chính L3,Tài chính đặc biệt L4
OPC,Dược phẩm OPC,HOSE,Dược phẩm và Y tế L1,Y tế L2,Dược phẩm L3,Dược phẩm L4
ORS,Chứng khoán Tiên Phong,HOSE,Tài chính L1,Dịch vụ tài chính L2,Dịch vụ tài chính L3,Môi giới chứng khoán L4
PAC,Pin Ắc quy Miền Nam,HOSE,Công nghiệp L1,Hàng & Dịch vụ Công nghiệp L2,Điện tử & Thiết bị điện L3,Hàng điện & điện tử L4
PAN,Tập đoàn PAN,HOSE,Hàng Tiêu dùng L1,Thực phẩm và đồ uống L2,Sản xuất thực phẩm L3,Thực phẩm L4
PC1,Tập đoàn PC1,HOSE,Công nghiệp L1,Xây dựng và Vật liệu L2,Xây dựng và Vật liệu L3,Xây dựng L4
PDN,Cảng Đồng Nai,HOSE,Công nghiệp L1,Hàng & Dịch vụ Công nghiệp L2,Vận tải L3,"Kho bãi, hậu cần và bảo dưỡng L4"
PDR,BĐS Phát Đạt,HOSE,Tài chính L1,Bất động sản L2,Bất động sản L3,Bất động sản L4
PET,PETROSETCO,HOSE,Dịch vụ Tiêu dùng L1,Bán lẻ L2,Bán lẻ L3,Phân phối hàng chuyên dụng L4
PGC,Gas Petrolimex,HOSE,Tiện ích Cộng đồng L1,"Điện, nước & xăng dầu khí đốt L2",Nước & Khí đốt L3,Phân phối xăng dầu & khí đốt L4
PGD,PV GAS D,HOSE,Tiện ích Cộng đồng L1,"Điện, nước & xăng dầu khí đốt L2",Nước & Khí đốt L3,Phân phối xăng dầu & khí đốt L4
PGI,Bảo hiểm PJICO,HOSE,Tài chính L1,Bảo hiểm L2,Bảo hiểm phi nhân thọ L3,Bảo hiểm phi nhân thọ L4
PGV,Tổng Công ty Phát điện 3,HOSE,Tiện ích Cộng đồng L1,"Điện, nước & xăng dầu khí đốt L2",Sản xuất & Phân phối Điện L3,Sản xuất & Phân phối Điện L4
PHC,Phuc Hung Holdings,HOSE,Công nghiệp L1,Xây dựng và Vật liệu L2,Xây dựng và Vật liệu L3,Xây dựng L4
PHR,Cao su Phước Hòa,HOSE,Nguyên vật liệu L1,Hóa chất L2,Hóa chất L3,"Nhựa, cao su & sợi L4"
PIT,XNK PETROLIMEX,HOSE,Dịch vụ Tiêu dùng L1,Bán lẻ L2,Bán lẻ L3,Bán lẻ phức hợp L4
PJT,Vận tải thủy PETROLIMEX,HOSE,Công nghiệp L1,Hàng & Dịch vụ Công nghiệp L2,Vận tải L3,Vận tải Thủy L4
PLP,SX và CN Nhựa Pha Lê,HOSE,Nguyên vật liệu L1,Hóa chất L2,Hóa chất L3,"Nhựa, cao su & sợi L4"
PLX,Petrolimex,HOSE,Dầu khí L1,Dầu khí L2,Sản xuất Dầu khí L3,Sản xuất và Khai thác dầu khí L4
PMG,ĐT và SX Petro Miền Trung,HOSE,Tiện ích Cộng đồng L1,"Điện, nước & xăng dầu khí đốt L2",Nước & Khí đốt L3,Phân phối xăng dầu & khí đốt L4
PNC,Văn hóa Phương Nam,HOSE,Dịch vụ Tiêu dùng L1,Truyền thông L2,Truyền thông L3,"Sách, ấn bản & sản phẩm văn hóa L4"
PNJ,Vàng Phú Nhuận,HOSE,Hàng Tiêu dùng L1,Hàng cá nhân & Gia dụng L2,Hàng cá nhân L3,Hàng cá nhân L4
POM,Thép Pomina,HOSE,Nguyên vật liệu L1,Tài nguyên Cơ bản L2,Kim loại L3,Thép và sản phẩm thép L4
POW,Điện lực Dầu khí Việt Nam,HOSE,Tiện ích Cộng đồng L1,"Điện, nước & xăng dầu khí đốt L2",Sản xuất & Phân phối Điện L3,Sản xuất & Phân phối Điện L4
PPC,Nhiệt điện Phả Lại,HOSE,Tiện ích Cộng đồng L1,"Điện, nước & xăng dầu khí đốt L2",Sản xuất & Phân phối Điện L3,Sản xuất & Phân phối Điện L4
PSH,TMại ĐT Dầu khí Nam Sông Hậu,HOSE,Tiện ích Cộng đồng L1,"Điện, nước & xăng dầu khí đốt L2",Nước & Khí đốt L3,Phân phối xăng dầu & khí đốt L4
PTB,Công ty Cổ phần Phú Tài,HOSE,Nguyên vật liệu L1,Tài nguyên Cơ bản L2,Lâm nghiệp và Giấy L3,Lâm sản và Chế biến gỗ L4
PTC,Đầu tư ICAPITAL,HOSE,Công nghiệp L1,Xây dựng và Vật liệu L2,Xây dựng và Vật liệu L3,Xây dựng L4
PTL,Victory Capital,HOSE,Tài chính L1,Bất động sản L2,Bất động sản L3,Bất động sản L4
PVD,Khoan Dầu khí PVDrilling,HOSE,Dầu khí L1,Dầu khí L2,"Thiết bị, Dịch vụ và Phân phối Dầu khí L3",Thiết bị và Dịch vụ Dầu khí L4
PVT,Vận tải Dầu khí PVTrans,HOSE,Công nghiệp L1,Hàng & Dịch vụ Công nghiệp L2,Vận tải L3,Vận tải Thủy L4
QBS,Xuất nhập khẩu Quảng Bình,HOSE,Nguyên vật liệu L1,Hóa chất L2,Hóa chất L3,"Sản phẩm hóa dầu, Nông dược & Hóa chất khác L4"
QCG,Quốc Cường Gia Lai,HOSE,Tài chính L1,Bất động sản L2,Bất động sản L3,Bất động sản L4
RAL,Bóng đèn Phích nước Rạng Đông,HOSE,Hàng Tiêu dùng L1,Hàng cá nhân & Gia dụng L2,Hàng gia dụng L3,Thiết bị gia dụng L4
RDP,Nhựa Rạng Đông,HOSE,Nguyên vật liệu L1,Hóa chất L2,Hóa chất L3,"Nhựa, cao su & sợi L4"
REE,Cơ Điện Lạnh REE,HOSE,Công nghiệp L1,Hàng & Dịch vụ Công nghiệp L2,Công nghiệp nặng L3,Máy công nghiệp L4
S4A,Thủy điện Sê San 4A,HOSE,Tiện ích Cộng đồng L1,"Điện, nước & xăng dầu khí đốt L2",Sản xuất & Phân phối Điện L3,Sản xuất & Phân phối Điện L4
SAB,SABECO,HOSE,Hàng Tiêu dùng L1,Thực phẩm và đồ uống L2,Bia và đồ uống L3,Sản xuất bia L4
SAM,SAM Holdings,HOSE,Công nghệ Thông tin L1,Công nghệ Thông tin L2,Thiết bị và Phần cứng L3,Thiết bị viễn thông L4
SAV,Savimex,HOSE,Nguyên vật liệu L1,Tài nguyên Cơ bản L2,Lâm nghiệp và Giấy L3,Lâm sản và Chế biến gỗ L4
SBA,Sông Ba JSC,HOSE,Tiện ích Cộng đồng L1,"Điện, nước & xăng dầu khí đốt L2",Sản xuất & Phân phối Điện L3,Sản xuất & Phân phối Điện L4
SBT,Mía đường Thành Thành Công - Biên Hòa,HOSE,Hàng Tiêu dùng L1,Thực phẩm và đồ uống L2,Sản xuất thực phẩm L3,Thực phẩm L4
SBV,Siam Brothers Việt Nam,HOSE,Dịch vụ Tiêu dùng L1,Bán lẻ L2,Bán lẻ L3,Phân phối hàng chuyên dụng L4
SC5,Xây dựng Số 5,HOSE,Công nghiệp L1,Xây dựng và Vật liệu L2,Xây dựng và Vật liệu L3,Xây dựng L4
SCD,Giải khát Chương Dương,HOSE,Hàng Tiêu dùng L1,Thực phẩm và đồ uống L2,Bia và đồ uống L3,Đồ uống & giải khát L4
SCR,Sacomreal,HOSE,Tài chính L1,Bất động sản L2,Bất động sản L3,Bất động sản L4
SCS,DV Hàng hóa Sài Gòn,HOSE,Dịch vụ Tiêu dùng L1,Du lịch và Giải trí L2,Du lịch & Giải trí L3,Dịch vụ hàng không L4
SFC,Nhiên liệu Sài Gòn,HOSE,Tiện ích Cộng đồng L1,"Điện, nước & xăng dầu khí đốt L2",Nước & Khí đốt L3,Phân phối xăng dầu & khí đốt L4
SFG,Phân bón Miền Nam,HOSE,Nguyên vật liệu L1,Hóa chất L2,Hóa chất L3,"Sản phẩm hóa dầu, Nông dược & Hóa chất khác L4"
SFI,Vận tải SAFI,HOSE,Công nghiệp L1,Hàng & Dịch vụ Công nghiệp L2,Vận tải L3,Vận tải Thủy L4
SGN,Phục vụ mặt đất Sài Gòn,HOSE,Công nghiệp L1,Hàng & Dịch vụ Công nghiệp L2,Vận tải L3,"Kho bãi, hậu cần và bảo dưỡng L4"
SGR,Địa ốc Sài Gòn,HOSE,Tài chính L1,Bất động sản L2,Bất động sản L3,Bất động sản L4
SGT,Sài Gòn Telecom,HOSE,Công nghệ Thông tin L1,Công nghệ Thông tin L2,Phần mềm & Dịch vụ Máy tính L3,Internet L4
SHA,Sơn Hà Sài Gòn,HOSE,Nguyên vật liệu L1,Tài nguyên Cơ bản L2,Kim loại L3,Thép và sản phẩm thép L4
SHB,SHB,HOSE,Ngân hàng L1,Ngân hàng L2,Ngân hàng L3,Ngân hàng L4
SHI,SONHA CORP,HOSE,Nguyên vật liệu L1,Tài nguyên Cơ bản L2,Kim loại L3,Thép và sản phẩm thép L4
SHP,Thủy điện Miền Nam,HOSE,Tiện ích Cộng đồng L1,"Điện, nước & xăng dầu khí đốt L2",Sản xuất & Phân phối Điện L3,Sản xuất & Phân phối Điện L4
SII,Hạ tầng Nước Sài Gòn,HOSE,Tiện ích Cộng đồng L1,"Điện, nước & xăng dầu khí đốt L2",Nước & Khí đốt L3,Nước L4
SJD,Thủy điện Cần Đơn,HOSE,Tiện ích Cộng đồng L1,"Điện, nước & xăng dầu khí đốt L2",Sản xuất & Phân phối Điện L3,Sản xuất & Phân phối Điện L4
SJF,Đầu tư Sao Thái Dương,HOSE,Nguyên vật liệu L1,Hóa chất L2,Hóa chất L3,"Sản phẩm hóa dầu, Nông dược & Hóa chất khác L4"
SJS,SUDICO,HOSE,Tài chính L1,Bất động sản L2,Bất động sản L3,Bất động sản L4
SKG,Tàu Cao tốc Superdong,HOSE,Dịch vụ Tiêu dùng L1,Du lịch và Giải trí L2,Du lịch & Giải trí L3,Vận tải hành khách & Du lịch L4
SMA,Thiết bị Phụ tùng Sài Gòn,HOSE,Tiện ích Cộng đồng L1,"Điện, nước & xăng dầu khí đốt L2",Sản xuất & Phân phối Điện L3,Sản xuất & Phân phối Điện L4
SMB,Bia Sài Gòn - Miền Trung,HOSE,Hàng Tiêu dùng L1,Thực phẩm và đồ uống L2,Bia và đồ uống L3,Sản xuất bia L4
SMC,Đầu tư Thương mại SMC,HOSE,Nguyên vật liệu L1,Tài nguyên Cơ bản L2,Kim loại L3,Thép và sản phẩm thép L4
SPM,S.P.M CORP,HOSE,Dược phẩm và Y tế L1,Y tế L2,Dược phẩm L3,Dược phẩm L4
SRC,Cao su Sao Vàng,HOSE,Hàng Tiêu dùng L1,Ô tô và phụ tùng L2,Ô tô và phụ tùng L3,Lốp xe L4
SRF,SEAREFICO,HOSE,Công nghiệp L1,Hàng & Dịch vụ Công nghiệp L2,Công nghiệp nặng L3,Máy công nghiệp L4
SSB,SeABank,HOSE,Ngân hàng L1,Ngân hàng L2,Ngân hàng L3,Ngân hàng L4
SSC,Giống cây trồng Miền Nam,HOSE,Hàng Tiêu dùng L1,Thực phẩm và đồ uống L2,Sản xuất thực phẩm L3,Nuôi trồng nông & hải sản L4
SSI,Chứng khoán SSI,HOSE,Tài chính L1,Dịch vụ tài chính L2,Dịch vụ tài chính L3,Môi giới chứng khoán L4
ST8,Thiết bị Siêu Thanh,HOSE,Công nghệ Thông tin L1,Công nghệ Thông tin L2,Thiết bị và Phần cứng L3,Thiết bị văn phòng L4
STB,Sacombank,HOSE,Ngân hàng L1,Ngân hàng L2,Ngân hàng L3,Ngân hàng L4
STG,Kho Vận Miền Nam,HOSE,Công nghiệp L1,Hàng & Dịch vụ Công nghiệp L2,Vận tải L3,"Kho bãi, hậu cần và bảo dưỡng L4"
STK,Sợi Thế Kỷ,HOSE,Hàng Tiêu dùng L1,Hàng cá nhân & Gia dụng L2,Hàng cá nhân L3,Hàng May mặc L4
SVC,SAVICO,HOSE,Hàng Tiêu dùng L1,Ô tô và phụ tùng L2,Ô tô và phụ tùng L3,Sản xuất ô tô L4
SVD,Đầu tư & Thương mại Vũ Đăng,HOSE,Hàng Tiêu dùng L1,Hàng cá nhân & Gia dụng L2,Hàng cá nhân L3,Hàng May mặc L4
SVI,Bao bì Biên Hòa,HOSE,Công nghiệp L1,Hàng & Dịch vụ Công nghiệp L2,Hàng công nghiệp L3,Containers & Đóng gói L4
SVT,Công nghệ SG Viễn Đông,HOSE,Nguyên vật liệu L1,Tài nguyên Cơ bản L2,Lâm nghiệp và Giấy L3,Sản xuất giấy L4
SZC,Sonadezi Châu Đức,HOSE,Tài chính L1,Bất động sản L2,Bất động sản L3,Bất động sản L4
SZL,Sonadezi Long Thành,HOSE,Tài chính L1,Bất động sản L2,Bất động sản L3,Bất động sản L4
TBC,Thủy điện Thác Bà,HOSE,Tiện ích Cộng đồng L1,"Điện, nước & xăng dầu khí đốt L2",Sản xuất & Phân phối Điện L3,Sản xuất & Phân phối Điện L4
TCB,Techcombank,HOSE,Ngân hàng L1,Ngân hàng L2,Ngân hàng L3,Ngân hàng L4
TCD,ĐT Phát triển CN và Vận tải,HOSE,Công nghiệp L1,Xây dựng và Vật liệu L2,Xây dựng và Vật liệu L3,Xây dựng L4
TCH,ĐT DV Tài chính Hoàng Huy,HOSE,Tài chính L1,Bất động sản L2,Bất động sản L3,Bất động sản L4
TCL,Tan Cang Logistics,HOSE,Công nghiệp L1,Hàng & Dịch vụ Công nghiệp L2,Vận tải L3,Dịch vụ vận tải L4
TCM,Dệt may Thành Công,HOSE,Hàng Tiêu dùng L1,Hàng cá nhân & Gia dụng L2,Hàng cá nhân L3,Hàng May mặc L4
TCO,Vận tải Duyên Hải,HOSE,Công nghiệp L1,Hàng & Dịch vụ Công nghiệp L2,Vận tải L3,Dịch vụ vận tải L4
TCR,Gốm sứ TAICERA,HOSE,Công nghiệp L1,Xây dựng và Vật liệu L2,Xây dựng và Vật liệu L3,Vật liệu xây dựng & Nội thất L4
TCT,Cáp treo Tây Ninh,HOSE,Dịch vụ Tiêu dùng L1,Du lịch và Giải trí L2,Du lịch & Giải trí L3,Vận tải hành khách & Du lịch L4
TDC,Becamex TDC,HOSE,Tài chính L1,Bất động sản L2,Bất động sản L3,"Tư Vấn, Định giá, Môi giới Bất động sản L4"
TDG,Đầu tư TDG Global,HOSE,Tiện ích Cộng đồng L1,"Điện, nước & xăng dầu khí đốt L2",Nước & Khí đốt L3,Phân phối xăng dầu & khí đốt L4
TDH,Thủ Đức House,HOSE,Tài chính L1,Bất động sản L2,Bất động sản L3,Bất động sản L4
TDM,Nước Thủ Dầu Một,HOSE,Tiện ích Cộng đồng L1,"Điện, nước & xăng dầu khí đốt L2",Nước & Khí đốt L3,Nước L4
TDP,Công ty Thuận Đức,HOSE,Công nghiệp L1,Hàng & Dịch vụ Công nghiệp L2,Hàng công nghiệp L3,Containers & Đóng gói L4
TDW,Cấp nước Thủ Đức,HOSE,Tiện ích Cộng đồng L1,"Điện, nước & xăng dầu khí đốt L2",Nước & Khí đốt L3,Nước L4
TEG,TECGROUP,HOSE,Tài chính L1,Bất động sản L2,Bất động sản L3,Bất động sản L4
TGG,Louis Capital,HOSE,Công nghiệp L1,Xây dựng và Vật liệu L2,Xây dựng và Vật liệu L3,Xây dựng L4
THG,XD Tiền Giang,HOSE,Công nghiệp L1,Xây dựng và Vật liệu L2,Xây dựng và Vật liệu L3,Xây dựng L4
THI,Thiết bị điện,HOSE,Công nghiệp L1,Hàng & Dịch vụ Công nghiệp L2,Điện tử & Thiết bị điện L3,Thiết bị điện L4
TIP,PT KCN Tín Nghĩa,HOSE,Tài chính L1,Bất động sản L2,Bất động sản L3,Bất động sản L4
TIX,TANIMEX,HOSE,Tài chính L1,Bất động sản L2,Bất động sản L3,Bất động sản L4
TLD,ĐT XD và PT Đô thị Thăng Long,HOSE,Tài chính L1,Bất động sản L2,Bất động sản L3,Bất động sản L4
TLG,Tập đoàn Thiên Long,HOSE,Hàng Tiêu dùng L1,Hàng cá nhân & Gia dụng L2,Hàng gia dụng L3,Đồ gia dụng một lần L4
TLH,Thép Tiến Lên,HOSE,Nguyên vật liệu L1,Tài nguyên Cơ bản L2,Kim loại L3,Thép và sản phẩm thép L4
TMP,Thủy điện Thác Mơ,HOSE,Tiện ích Cộng đồng L1,"Điện, nước & xăng dầu khí đốt L2",Sản xuất & Phân phối Điện L3,Sản xuất & Phân phối Điện L4
TMS,Transimex,HOSE,Công nghiệp L1,Hàng & Dịch vụ Công nghiệp L2,Vận tải L3,"Kho bãi, hậu cần và bảo dưỡng L4"
TMT,Ô tô TMT,HOSE,Hàng Tiêu dùng L1,Ô tô và phụ tùng L2,Ô tô và phụ tùng L3,Sản xuất ô tô L4
TN1,TNS Holdings,HOSE,Tài chính L1,Bất động sản L2,Bất động sản L3,Bất động sản L4
TNA,XNK Thiên Nam,HOSE,Nguyên vật liệu L1,Tài nguyên Cơ bản L2,Kim loại L3,Thép và sản phẩm thép L4
TNC,Cao su Thống Nhất,HOSE,Nguyên vật liệu L1,Hóa chất L2,Hóa chất L3,"Nhựa, cao su & sợi L4"
TNH,Bệnh viện Quốc tế Thái Nguyên,HOSE,Dược phẩm và Y tế L1,Y tế L2,Thiết bị và Dịch vụ Y tế L3,Chăm sóc y tế L4
TNI,Tập đoàn Thành Nam,HOSE,Nguyên vật liệu L1,Tài nguyên Cơ bản L2,Kim loại L3,Thép và sản phẩm thép L4
TNT,Tập đoàn TNT,HOSE,Nguyên vật liệu L1,Tài nguyên Cơ bản L2,Khai khoáng L3,Khai khoáng L4
TPB,Ngân hàng Tiên Phong,HOSE,Ngân hàng L1,Ngân hàng L2,Ngân hàng L3,Ngân hàng L4
TPC,Nhựa Tân Đại Hưng,HOSE,Nguyên vật liệu L1,Hóa chất L2,Hóa chất L3,"Nhựa, cao su & sợi L4"
TRA,Traphaco,HOSE,Dược phẩm và Y tế L1,Y tế L2,Dược phẩm L3,Dược phẩm L4
TRC,Cao su Tây Ninh,HOSE,Nguyên vật liệu L1,Hóa chất L2,Hóa chất L3,"Nhựa, cao su & sợi L4"
TSC,Kỹ thuật NN Cần Thơ,HOSE,Nguyên vật liệu L1,Hóa chất L2,Hóa chất L3,"Sản phẩm hóa dầu, Nông dược & Hóa chất khác L4"
TTA,XD và PT Trường Thành,HOSE,Công nghiệp L1,Xây dựng và Vật liệu L2,Xây dựng và Vật liệu L3,Xây dựng L4
TTB,Tập đoàn Tiến Bộ,HOSE,Công nghiệp L1,Xây dựng và Vật liệu L2,Xây dựng và Vật liệu L3,Vật liệu xây dựng & Nội thất L4
TTE,ĐT Năng lượng Trường Thịnh,HOSE,Tiện ích Cộng đồng L1,"Điện, nước & xăng dầu khí đốt L2",Sản xuất & Phân phối Điện L3,Sản xuất & Phân phối Điện L4
TTF,Gỗ Trường Thành,HOSE,Nguyên vật liệu L1,Tài nguyên Cơ bản L2,Lâm nghiệp và Giấy L3,Lâm sản và Chế biến gỗ L4
TV2,Tư vấn XD Điện 2,HOSE,Công nghiệp L1,Hàng & Dịch vụ Công nghiệp L2,Tư vấn & Hỗ trợ Kinh doanh L3,Tư vấn & Hỗ trợ KD L4
TVB,Chứng khoán Trí Việt,HOSE,Tài chính L1,Dịch vụ tài chính L2,Dịch vụ tài chính L3,Môi giới chứng khoán L4
TVS,Chứng khoán Thiên Việt,HOSE,Tài chính L1,Dịch vụ tài chính L2,Dịch vụ tài chính L3,Môi giới chứng khoán L4
TVT,May Việt Thắng,HOSE,Hàng Tiêu dùng L1,Hàng cá nhân & Gia dụng L2,Hàng cá nhân L3,Hàng May mặc L4
TYA,Dây và Cáp điện Taya,HOSE,Công nghiệp L1,Hàng & Dịch vụ Công nghiệp L2,Điện tử & Thiết bị điện L3,Hàng điện & điện tử L4
UDC,Xây dựng và Phát triển đô thị Bà Rịa - Vũng Tàu,HOSE,Công nghiệp L1,Xây dựng và Vật liệu L2,Xây dựng và Vật liệu L3,Xây dựng L4
UIC,Phát triển Nhà và Đô thị IDICO,HOSE,Công nghiệp L1,Xây dựng và Vật liệu L2,Xây dựng và Vật liệu L3,Xây dựng L4
VAF,Phân lân Văn Điển,HOSE,Nguyên vật liệu L1,Hóa chất L2,Hóa chất L3,"Sản phẩm hóa dầu, Nông dược & Hóa chất khác L4"
VCA,Thép VICASA - VNSTEEL,HOSE,Nguyên vật liệu L1,Tài nguyên Cơ bản L2,Kim loại L3,Thép và sản phẩm thép L4
VCB,Vietcombank,HOSE,Ngân hàng L1,Ngân hàng L2,Ngân hàng L3,Ngân hàng L4
VCF,Vinacafé Biên Hòa,HOSE,Hàng Tiêu dùng L1,Thực phẩm và đồ uống L2,Bia và đồ uống L3,Đồ uống & giải khát L4
VCG,VINACONEX,HOSE,Công nghiệp L1,Xây dựng và Vật liệu L2,Xây dựng và Vật liệu L3,Xây dựng L4
VCI,Chứng khoán Bản Việt,HOSE,Tài chính L1,Dịch vụ tài chính L2,Dịch vụ tài chính L3,Môi giới chứng khoán L4
VDP,Dược phẩm VIDIPHA,HOSE,Dược phẩm và Y tế L1,Y tế L2,Dược phẩm L3,Dược phẩm L4
VDS,Chứng khoán Rồng Việt,HOSE,Tài chính L1,Dịch vụ tài chính L2,Dịch vụ tài chính L3,Môi giới chứng khoán L4
VFG,Khử trùng Việt Nam,HOSE,Nguyên vật liệu L1,Hóa chất L2,Hóa chất L3,"Sản phẩm hóa dầu, Nông dược & Hóa chất khác L4"
VGC,Tổng Công ty Viglacera,HOSE,Công nghiệp L1,Xây dựng và Vật liệu L2,Xây dựng và Vật liệu L3,Vật liệu xây dựng & Nội thất L4
VHC,Thủy sản Vĩnh Hoàn,HOSE,Hàng Tiêu dùng L1,Thực phẩm và đồ uống L2,Sản xuất thực phẩm L3,Nuôi trồng nông & hải sản L4
VHM,Vinhomes,HOSE,Tài chính L1,Bất động sản L2,Bất động sản L3,Bất động sản L4
VIB,VIBBank,HOSE,Ngân hàng L1,Ngân hàng L2,Ngân hàng L3,Ngân hàng L4
VIC,VinGroup,HOSE,Tài chính L1,Bất động sản L2,Bất động sản L3,Bất động sản L4
VID,Viễn Đông,HOSE,Nguyên vật liệu L1,Tài nguyên Cơ bản L2,Lâm nghiệp và Giấy L3,Sản xuất giấy L4
VIP,Vận tải Xăng dầu VIPCO,HOSE,Công nghiệp L1,Hàng & Dịch vụ Công nghiệp L2,Vận tải L3,Vận tải Thủy L4
VIX,Chứng khoán VIX,HOSE,Tài chính L1,Dịch vụ tài chính L2,Dịch vụ tài chính L3,Môi giới chứng khoán L4
VJC,Vietjet Air,HOSE,Dịch vụ Tiêu dùng L1,Du lịch và Giải trí L2,Du lịch & Giải trí L3,Dịch vụ hàng không L4
VMD,Y Dược phẩm Vimedimex,HOSE,Dược phẩm và Y tế L1,Y tế L2,Dược phẩm L3,Dược phẩm L4
VND,Chứng khoán VNDIRECT,HOSE,Tài chính L1,Dịch vụ tài chính L2,Dịch vụ tài chính L3,Môi giới chứng khoán L4
VNE,Xây dựng điện Việt Nam,HOSE,Công nghiệp L1,Xây dựng và Vật liệu L2,Xây dựng và Vật liệu L3,Xây dựng L4
VNG,DL Thành Thành Công,HOSE,Dịch vụ Tiêu dùng L1,Du lịch và Giải trí L2,Du lịch & Giải trí L3,Khách sạn L4
VNL,Logistics Vinalink,HOSE,Công nghiệp L1,Hàng & Dịch vụ Công nghiệp L2,Vận tải L3,Dịch vụ vận tải L4
VNM,VINAMILK,HOSE,Hàng Tiêu dùng L1,Thực phẩm và đồ uống L2,Sản xuất thực phẩm L3,Thực phẩm L4
VNS,Ánh Dương Việt Nam,HOSE,Dịch vụ Tiêu dùng L1,Du lịch và Giải trí L2,Du lịch & Giải trí L3,Vận tải hành khách & Du lịch L4
VOS,Vận tải Biển Việt Nam,HOSE,Công nghiệp L1,Hàng & Dịch vụ Công nghiệp L2,Vận tải L3,Vận tải Thủy L4
VPB,VPBank,HOSE,Ngân hàng L1,Ngân hàng L2,Ngân hàng L3,Ngân hàng L4
VPD,Phát triển Điện lực Việt Nam,HOSE,Tiện ích Cộng đồng L1,"Điện, nước & xăng dầu khí đốt L2",Sản xuất & Phân phối Điện L3,Sản xuất & Phân phối Điện L4
VPG,Đầu tư TMại XNK Việt Phát,HOSE,Nguyên vật liệu L1,Tài nguyên Cơ bản L2,Khai khoáng L3,Khai khoáng L4
VPH,Vạn Phát Hưng,HOSE,Tài chính L1,Bất động sản L2,Bất động sản L3,Bất động sản L4
VPI,Đầu tư Văn Phú - Invest,HOSE,Tài chính L1,Bất động sản L2,Bất động sản L3,Bất động sản L4
VPS,Thuốc sát trùng Việt Nam,HOSE,Nguyên vật liệu L1,Hóa chất L2,Hóa chất L3,"Sản phẩm hóa dầu, Nông dược & Hóa chất khác L4"
VRC,Bất động sản và Đầu tư VRC,HOSE,Tài chính L1,Bất động sản L2,Bất động sản L3,Bất động sản L4
VRE,Vincom Retail,HOSE,Tài chính L1,Bất động sản L2,Bất động sản L3,Bất động sản L4
VSC,VICONSHIP,HOSE,Công nghiệp L1,Hàng & Dịch vụ Công nghiệp L2,Vận tải L3,"Kho bãi, hậu cần và bảo dưỡng L4"
VSH,Thủy điện Vĩnh Sơn - Sông Hinh,HOSE,Tiện ích Cộng đồng L1,"Điện, nước & xăng dầu khí đốt L2",Sản xuất & Phân phối Điện L3,Sản xuất & Phân phối Điện L4
VSI,Đầu tư và Xây dựng Cấp thoát nước,HOSE,Công nghiệp L1,Xây dựng và Vật liệu L2,Xây dựng và Vật liệu L3,Xây dựng L4
VTB,Viettronics Tân Bình,HOSE,Công nghiệp L1,Hàng & Dịch vụ Công nghiệp L2,Điện tử & Thiết bị điện L3,Hàng điện & điện tử L4
VTO,VITACO,HOSE,Công nghiệp L1,Hàng & Dịch vụ Công nghiệp L2,Vận tải L3,Vận tải Thủy L4
YBM,Khoáng sản CN Yên Bái,HOSE,Nguyên vật liệu L1,Tài nguyên Cơ bản L2,Khai khoáng L3,Khai khoáng L4
YEG,Tập đoàn Yeah1,HOSE,Dịch vụ Tiêu dùng L1,Truyền thông L2,Truyền thông L3,Giải trí & Truyền thông L4